4419271faefea23286cd51dcd8b02bd594371999,05c93ce8765,e31b34fa0cd,None,pie,android11-qpr1-s1-release
f6a1610cbe87a8dd9254107a5dde3e2e9b16bf66,ccce75364b9,2a21bea448c,None,pie,android11-qpr1-s1-release
999b375eb29bf9ea7419cb07b9a06a60de16354a,d97dcb87355,1b1681a8b0a,None,tiles-backup,android11-qpr1-s1-release
8e86e9bc9441cf96f70fa62193e60fbb1bcc7492,f68c265324d,988624eda2c,None,tiles-backup,android11-qpr1-s1-release
6468138701c054ba95bf8cd6889ca517d38f148d,674edccca3a,e6472fe5206,None,tiles-backup,pie-gsi
c5e130752fa7cddc7be5c24b77c29ca2d7b950f1,c1dca606373,eb71e821edd,None,tiles-backup,android11-qpr1-s1-release
12930acc5076e1acff0744b8d225bb2d2173f1b5,38919152c0a,eb71e821edd,None,tiles-backup,android11-qpr1-s1-release
573ba4bcd0e9a3d403d660dac91430b4efbe071d,f012cc1e369,38009bd6e66,None,tiles-backup,android11-qpr1-s1-release
59e43cf8772b6b2ed4c18e0bb20d421b448a2728,92ea7fc713f,d8b004855a2,None,tiles-backup,pie-gsi
6ee3e3a445edfa6d343382e78548d2957c5f9483,451feb75922,38009bd6e66,None,tiles-backup,android11-qpr1-s1-release
2f8fdbd61d47debbb70b092f6cb34f6457069ec7,788f1c37d3c,7f82dee3f9b,None,tiles-backup,pie-gsi
55eb009b75bddb88bcc848193d3c5de9024d4493,e6fbedbf6ba,4056014c477,None,tiles-backup,android11-qpr1-s1-release
70ccfc70e9eb223cda9c20350061522a946601c8,d11ab04220d,4056014c477,None,tiles-backup,android11-qpr1-s1-release
7b23fdc35654648b883809c4e4571015931df2ec,8a54ade41a0,264d2cfe485,None,tiles-backup,pie-gsi
8f7726cc447f76dd163e9813f1aef8de3907141e,252b9d1cf17,19463c58be6,None,tiles-backup,android11-qpr1-s1-release
593900c465c0744ede310387c557a717ecfeb6f5,b55f2104c90,854b000af20,None,tiles-backup,android11-qpr1-s1-release
99c45b4b13d6848508677ccebee04dd4dab6ee74,f585a9b865e,eb94ac12e7f,None,tiles-backup,pie-gsi
f1ff8f00f94afb9f6853b3b840b90d29a7d6b4ed,55ea9fe1c15,cbaaaff2a1f,None,tiles-backup,android11-qpr1-s1-release
